[
  {
    "chs": "甘雨",
    "alts": [
      "甘雨",
      "Ganyu",
      "감우"
    ]
  },
  {
    "chs": "杜林",
    "alts": [
      "ドゥリン",
      "두린",
      "Durin",
      "杜林"
    ]
  },
  {
    "chs": "行秋",
    "alts": [
      "Xingqiu",
      "行秋",
      "행추"
    ]
  },
  {
    "chs": "旅行者",
    "alts": [
      "Traveler",
      "여행자",
      "旅人",
      "旅行者"
    ]
  },
  {
    "chs": "娜维娅",
    "alts": [
      "ナヴィア",
      "娜维娅",
      "Navia",
      "나비아"
    ]
  },
  {
    "chs": "嘉明",
    "alts": [
      "Gaming",
      "嘉明",
      "가명"
    ]
  },
  {
    "chs": "班尼特",
    "alts": [
      "베넷",
      "ベネット",
      "班尼特",
      "Bennett"
    ]
  },
  {
    "chs": "托马",
    "alts": [
      "托马",
      "Thoma",
      "토마",
      "トーマ"
    ]
  },
  {
    "chs": "欧洛伦",
    "alts": [
      "올로룬",
      "Ororon",
      "オロルン",
      "欧洛伦"
    ]
  },
  {
    "chs": "菲米尼",
    "alts": [
      "菲米尼",
      "フレミネ",
      "프레미네",
      "Freminet"
    ]
  },
  {
    "chs": "琳妮特",
    "alts": [
      "리넷",
      "Lynette",
      "琳妮特",
      "リネット"
    ]
  },
  {
    "chs": "久岐忍",
    "alts": [
      "Kuki Shinobu",
      "久岐忍",
      "쿠키 시노부"
    ]
  },
  {
    "chs": "神里绫华",
    "alts": [
      "神里綾華",
      "神里绫华",
      "Kamisato Ayaka",
      "카미사토 아야카"
    ]
  },
  {
    "chs": "凯亚",
    "alts": [
      "케이아",
      "ガイア",
      "凯亚",
      "Kaeya"
    ]
  },
  {
    "chs": "爱可菲",
    "alts": [
      "爱可菲",
      "Escoffier",
      "에스코피에",
      "エスコフィエ"
    ]
  },
  {
    "chs": "刻晴",
    "alts": [
      "Keqing",
      "각청",
      "刻晴"
    ]
  },
  {
    "chs": "砂糖",
    "alts": [
      "설탕",
      "スクロース",
      "Sucrose",
      "砂糖"
    ]
  },
  {
    "chs": "卡齐娜",
    "alts": [
      "カチーナ",
      "卡齐娜",
      "카치나",
      "Kachina"
    ]
  },
  {
    "chs": "蓝砚",
    "alts": [
      "Lan Yan",
      "藍硯",
      "남연",
      "蓝砚"
    ]
  },
  {
    "chs": "希格雯",
    "alts": [
      "シグウィン",
      "希格雯",
      "Sigewinne",
      "시그윈"
    ]
  },
  {
    "chs": "达达利亚",
    "alts": [
      "Tartaglia",
      "타르탈리아",
      "タルタリヤ",
      "达达利亚"
    ]
  },
  {
    "chs": "纳西妲",
    "alts": [
      "나히다",
      "ナヒーダ",
      "纳西妲",
      "Nahida"
    ]
  },
  {
    "chs": "赛诺",
    "alts": [
      "セノ",
      "사이노",
      "赛诺",
      "Cyno"
    ]
  },
  {
    "chs": "丽莎",
    "alts": [
      "丽莎",
      "リサ",
      "리사",
      "Lisa"
    ]
  },
  {
    "chs": "夏洛蒂",
    "alts": [
      "シャルロット",
      "夏洛蒂",
      "샤를로트",
      "Charlotte"
    ]
  },
  {
    "chs": "千织",
    "alts": [
      "치오리",
      "千織",
      "千织",
      "Chiori"
    ]
  },
  {
    "chs": "辛焱",
    "alts": [
      "신염",
      "辛焱",
      "Xinyan",
      "辛炎"
    ]
  },
  {
    "chs": "流浪者",
    "alts": [
      "방랑자",
      "放浪者",
      "流浪者",
      "Wanderer"
    ]
  },
  {
    "chs": "雷电将军",
    "alts": [
      "雷电将军",
      "라이덴 쇼군",
      "雷電将軍",
      "Raiden Shogun"
    ]
  },
  {
    "chs": "玛拉妮",
    "alts": [
      "말라니",
      "玛拉妮",
      "ムアラニ",
      "Mualani"
    ]
  },
  {
    "chs": "菲林斯",
    "alts": [
      "플린스",
      "Flins",
      "菲林斯",
      "フリンズ"
    ]
  },
  {
    "chs": "安柏",
    "alts": [
      "アンバー",
      "安柏",
      "엠버",
      "Amber"
    ]
  },
  {
    "chs": "珊瑚宫心海",
    "alts": [
      "珊瑚宫心海",
      "산고노미야 코코미",
      "珊瑚宮心海",
      "Sangonomiya Kokomi"
    ]
  },
  {
    "chs": "八重神子",
    "alts": [
      "Yae Miko",
      "八重神子",
      "야에 미코"
    ]
  },
  {
    "chs": "胡桃",
    "alts": [
      "胡桃",
      "호두",
      "Hu Tao"
    ]
  },
  {
    "chs": "诺艾尔",
    "alts": [
      "ノエル",
      "诺艾尔",
      "노엘",
      "Noelle"
    ]
  },
  {
    "chs": "闲云",
    "alts": [
      "闲云",
      "閑雲",
      "한운",
      "Xianyun"
    ]
  },
  {
    "chs": "奇偶·男性",
    "alts": [
      "奇偶·男性",
      "Manekin",
      "별인형·남성",
      "ドール（男）"
    ]
  },
  {
    "chs": "阿蕾奇诺",
    "alts": [
      "Arlecchino",
      "阿蕾奇诺",
      "아를레키노",
      "アルレッキーノ"
    ]
  },
  {
    "chs": "白术",
    "alts": [
      "白术",
      "白朮",
      "백출",
      "Baizhu"
    ]
  },
  {
    "chs": "奇偶·女性",
    "alts": [
      "奇偶·女性",
      "별인형·여성",
      "ドール（女）",
      "Manekina"
    ]
  },
  {
    "chs": "重云",
    "alts": [
      "重雲",
      "重云",
      "중운",
      "Chongyun"
    ]
  },
  {
    "chs": "宵宫",
    "alts": [
      "宵宮",
      "宵宫",
      "요이미야",
      "Yoimiya"
    ]
  },
  {
    "chs": "芙宁娜",
    "alts": [
      "フリーナ",
      "Furina",
      "芙宁娜",
      "푸리나"
    ]
  },
  {
    "chs": "优菈",
    "alts": [
      "유라",
      "优菈",
      "Eula",
      "エウルア"
    ]
  },
  {
    "chs": "云堇",
    "alts": [
      "Yun Jin",
      "운근",
      "雲菫",
      "云堇"
    ]
  },
  {
    "chs": "梦见月瑞希",
    "alts": [
      "유메미즈키 미즈키",
      "夢見月瑞希",
      "Yumemizuki Mizuki",
      "梦见月瑞希"
    ]
  },
  {
    "chs": "珐露珊",
    "alts": [
      "파루잔",
      "珐露珊",
      "ファルザン",
      "Faruzan"
    ]
  },
  {
    "chs": "申鹤",
    "alts": [
      "신학",
      "申鶴",
      "Shenhe",
      "申鹤"
    ]
  },
  {
    "chs": "琴",
    "alts": [
      "琴",
      "ジン",
      "Jean",
      "진"
    ]
  },
  {
    "chs": "夜兰",
    "alts": [
      "야란",
      "夜兰",
      "Yelan",
      "夜蘭"
    ]
  },
  {
    "chs": "柯莱",
    "alts": [
      "コレイ",
      "콜레이",
      "Collei",
      "柯莱"
    ]
  },
  {
    "chs": "凝光",
    "alts": [
      "Ningguang",
      "凝光",
      "응광"
    ]
  },
  {
    "chs": "可莉",
    "alts": [
      "可莉",
      "Klee",
      "クレー",
      "클레"
    ]
  },
  {
    "chs": "荒泷一斗",
    "alts": [
      "荒泷一斗",
      "荒瀧一斗",
      "아라타키 이토",
      "Arataki Itto"
    ]
  },
  {
    "chs": "神里绫人",
    "alts": [
      "神里绫人",
      "카미사토 아야토",
      "Kamisato Ayato",
      "神里綾人"
    ]
  },
  {
    "chs": "瑶瑶",
    "alts": [
      "ヨォーヨ",
      "瑶瑶",
      "요요",
      "Yaoyao"
    ]
  },
  {
    "chs": "阿贝多",
    "alts": [
      "알베도",
      "アルベド",
      "Albedo",
      "阿贝多"
    ]
  },
  {
    "chs": "克洛琳德",
    "alts": [
      "克洛琳德",
      "クロリンデ",
      "클로린드",
      "Clorinde"
    ]
  },
  {
    "chs": "基尼奇",
    "alts": [
      "Kinich",
      "キィニチ",
      "基尼奇",
      "키니치"
    ]
  },
  {
    "chs": "哥伦比娅",
    "alts": [
      "哥伦比娅",
      "콜롬비나",
      "Columbina",
      "コロンビーナ"
    ]
  },
  {
    "chs": "莱依拉",
    "alts": [
      "レイラ",
      "莱依拉",
      "레일라",
      "Layla"
    ]
  },
  {
    "chs": "芭芭拉",
    "alts": [
      "バーバラ",
      "芭芭拉",
      "Barbara",
      "바바라"
    ]
  },
  {
    "chs": "伊涅芙",
    "alts": [
      "伊涅芙",
      "イネファ",
      "이네파",
      "Ineffa"
    ]
  },
  {
    "chs": "北斗",
    "alts": [
      "Beidou",
      "북두",
      "北斗"
    ]
  },
  {
    "chs": "坎蒂丝",
    "alts": [
      "坎蒂丝",
      "Candace",
      "캔디스",
      "キャンディス"
    ]
  },
  {
    "chs": "菈乌玛",
    "alts": [
      "Lauma",
      "ラウマ",
      "라우마",
      "菈乌玛"
    ]
  },
  {
    "chs": "艾梅莉埃",
    "alts": [
      "艾梅莉埃",
      "에밀리",
      "Emilie",
      "エミリエ"
    ]
  },
  {
    "chs": "伊法",
    "alts": [
      "イファ",
      "伊法",
      "Ifa",
      "이파"
    ]
  },
  {
    "chs": "叶洛亚",
    "alts": [
      "イルーガ",
      "Illuga",
      "일루가",
      "叶洛亚"
    ]
  },
  {
    "chs": "绮良良",
    "alts": [
      "키라라",
      "Kirara",
      "绮良良",
      "綺良々"
    ]
  },
  {
    "chs": "雷泽",
    "alts": [
      "雷泽",
      "레이저",
      "レザー",
      "Razor"
    ]
  },
  {
    "chs": "烟绯",
    "alts": [
      "Yanfei",
      "연비",
      "煙緋",
      "烟绯"
    ]
  },
  {
    "chs": "瓦雷莎",
    "alts": [
      "바레사",
      "ヴァレサ",
      "Varesa",
      "瓦雷莎"
    ]
  },
  {
    "chs": "多莉",
    "alts": [
      "ドリー",
      "도리",
      "Dori",
      "多莉"
    ]
  },
  {
    "chs": "温迪",
    "alts": [
      "温迪",
      "ウェンティ",
      "벤티",
      "Venti"
    ]
  },
  {
    "chs": "米卡",
    "alts": [
      "Mika",
      "米卡",
      "ミカ",
      "미카"
    ]
  },
  {
    "chs": "五郎",
    "alts": [
      "五郎",
      "고로",
      "Gorou",
      "ゴロー"
    ]
  },
  {
    "chs": "魈",
    "alts": [
      "魈",
      "Xiao",
      "소"
    ]
  },
  {
    "chs": "卡维",
    "alts": [
      "Kaveh",
      "卡维",
      "카베",
      "カーヴェ"
    ]
  },
  {
    "chs": "艾尔海森",
    "alts": [
      "Alhaitham",
      "艾尔海森",
      "알하이탐",
      "アルハイゼン"
    ]
  },
  {
    "chs": "夏沃蕾",
    "alts": [
      "夏沃蕾",
      "シュヴルーズ",
      "Chevreuse",
      "슈브르즈"
    ]
  },
  {
    "chs": "赛索斯",
    "alts": [
      "赛索斯",
      "セトス",
      "세토스",
      "Sethos"
    ]
  },
  {
    "chs": "早柚",
    "alts": [
      "Sayu",
      "사유",
      "早柚"
    ]
  },
  {
    "chs": "丝柯克",
    "alts": [
      "スカーク",
      "丝柯克",
      "Skirk",
      "스커크"
    ]
  },
  {
    "chs": "奈芙尔",
    "alts": [
      "Nefer",
      "奈芙尔",
      "ネフェル",
      "네페르"
    ]
  },
  {
    "chs": "妮露",
    "alts": [
      "닐루",
      "Nilou",
      "ニィロウ",
      "妮露"
    ]
  },
  {
    "chs": "菲谢尔",
    "alts": [
      "菲谢尔",
      "フィッシュル",
      "피슬",
      "Fischl"
    ]
  },
  {
    "chs": "罗莎莉亚",
    "alts": [
      "Rosaria",
      "ロサリア",
      "로자리아",
      "罗莎莉亚"
    ]
  },
  {
    "chs": "迪希雅",
    "alts": [
      "데히야",
      "迪希雅",
      "Dehya",
      "ディシア"
    ]
  },
  {
    "chs": "七七",
    "alts": [
      "七七",
      "치치",
      "Qiqi"
    ]
  },
  {
    "chs": "恰斯卡",
    "alts": [
      "Chasca",
      "차스카",
      "恰斯卡",
      "チャスカ"
    ]
  },
  {
    "chs": "枫原万叶",
    "alts": [
      "Kaedehara Kazuha",
      "楓原万葉",
      "카에데하라 카즈하",
      "枫原万叶"
    ]
  },
  {
    "chs": "莱欧斯利",
    "alts": [
      "라이오슬리",
      "Wriothesley",
      "リオセスリ",
      "莱欧斯利"
    ]
  },
  {
    "chs": "塔利雅",
    "alts": [
      "ダリア",
      "달리아",
      "Dahlia",
      "塔利雅"
    ]
  },
  {
    "chs": "那维莱特",
    "alts": [
      "Neuvillette",
      "느비예트",
      "那维莱特",
      "ヌヴィレット"
    ]
  },
  {
    "chs": "爱诺",
    "alts": [
      "アイノ",
      "아이노",
      "Aino",
      "爱诺"
    ]
  },
  {
    "chs": "香菱",
    "alts": [
      "香菱",
      "Xiangling",
      "향릉"
    ]
  },
  {
    "chs": "莫娜",
    "alts": [
      "Mona",
      "モナ",
      "莫娜",
      "모나"
    ]
  },
  {
    "chs": "伊安珊",
    "alts": [
      "얀사",
      "Iansan",
      "イアンサ",
      "伊安珊"
    ]
  },
  {
    "chs": "九条裟罗",
    "alts": [
      "九条裟罗",
      "九条裟羅",
      "Kujou Sara",
      "쿠죠 사라"
    ]
  },
  {
    "chs": "迪奥娜",
    "alts": [
      "ディオナ",
      "Diona",
      "迪奥娜",
      "디오나"
    ]
  },
  {
    "chs": "埃洛伊",
    "alts": [
      "에일로이",
      "Aloy",
      "埃洛伊",
      "アーロイ"
    ]
  },
  {
    "chs": "提纳里",
    "alts": [
      "타이나리",
      "提纳里",
      "ティナリ",
      "Tighnari"
    ]
  },
  {
    "chs": "兹白",
    "alts": [
      "Zibai",
      "兹白",
      "자백"
    ]
  },
  {
    "chs": "迪卢克",
    "alts": [
      "ディルック",
      "迪卢克",
      "다이루크",
      "Diluc"
    ]
  },
  {
    "chs": "希诺宁",
    "alts": [
      "希诺宁",
      "Xilonen",
      "シロネン",
      "실로닌"
    ]
  },
  {
    "chs": "鹿野院平藏",
    "alts": [
      "시카노인 헤이조",
      "Shikanoin Heizou",
      "鹿野院平藏",
      "鹿野院平蔵"
    ]
  },
  {
    "chs": "玛薇卡",
    "alts": [
      "マーヴィカ",
      "Mavuika",
      "마비카",
      "玛薇卡"
    ]
  },
  {
    "chs": "林尼",
    "alts": [
      "리니",
      "林尼",
      "リネ",
      "Lyney"
    ]
  },
  {
    "chs": "钟离",
    "alts": [
      "鍾離",
      "Zhongli",
      "종려",
      "钟离"
    ]
  },
  {
    "chs": "雅珂达",
    "alts": [
      "Jahoda",
      "雅珂达",
      "ヤフォダ",
      "야호다"
    ]
  },
  {
    "chs": "茜特菈莉",
    "alts": [
      "茜特菈莉",
      "シトラリ",
      "Citlali",
      "시틀라리"
    ]
  },
  {
    "chs": "反曲弓",
    "alts": [
      "リカーブボウ",
      "反曲弓",
      "곡궁",
      "Recurve Bow"
    ]
  },
  {
    "chs": "饰铁之花",
    "alts": [
      "꽃 장식 대검",
      "Mailed Flower",
      "鉄彩の花",
      "饰铁之花"
    ]
  },
  {
    "chs": "破魔之弓",
    "alts": [
      "파마궁",
      "破魔の弓",
      "破魔之弓",
      "Hamayumi"
    ]
  },
  {
    "chs": "沙中伟贤的对答",
    "alts": [
      "沙中伟贤的对答",
      "砂中の賢者達の問答",
      "Dialogues of the Desert Sages",
      "위대한 사막 현자의 대답"
    ]
  },
  {
    "chs": "风信之锋",
    "alts": [
      "風信の矛",
      "날카로운 바람의 서신",
      "风信之锋",
      "Missive Windspear"
    ]
  },
  {
    "chs": "黎明神剑",
    "alts": [
      "Harbinger of Dawn",
      "黎明神剑",
      "黎明の神剣",
      "여명신검"
    ]
  },
  {
    "chs": "雪葬的星银",
    "alts": [
      "雪葬的星银",
      "설장의 성은",
      "Snow-Tombed Starsilver",
      "雪葬の星銀"
    ]
  },
  {
    "chs": "苍耀",
    "alts": [
      "蒼耀",
      "창백한 섬광",
      "苍耀",
      "Azurelight"
    ]
  },
  {
    "chs": "天空之刃",
    "alts": [
      "天空の刃",
      "천공의 검",
      "天空之刃",
      "Skyward Blade"
    ]
  },
  {
    "chs": "西福斯的月光",
    "alts": [
      "西福斯的月光",
      "크시포스의 달빛",
      "サイフォスの月明かり",
      "Xiphos' Moonlight"
    ]
  },
  {
    "chs": "匣里灭辰",
    "alts": [
      "匣中滅龍",
      "Dragon's Bane",
      "용학살창",
      "匣里灭辰"
    ]
  },
  {
    "chs": "「渔获」",
    "alts": [
      "「渔获」",
      "「어획」",
      "「漁獲」",
      "\"The Catch\""
    ]
  },
  {
    "chs": "撼地者",
    "alts": [
      "撼地者",
      "대지를 울리는 자",
      "アースシェイカー",
      "Earth Shaker"
    ]
  },
  {
    "chs": "赦罪",
    "alts": [
      "사면",
      "Absolution",
      "赦罪"
    ]
  },
  {
    "chs": "西风秘典",
    "alts": [
      "西风秘典",
      "Favonius Codex",
      "페보니우스 비전",
      "西風秘典"
    ]
  },
  {
    "chs": "西风长枪",
    "alts": [
      "페보니우스 장창",
      "西風長槍",
      "西风长枪",
      "Favonius Lance"
    ]
  },
  {
    "chs": "试作星镰",
    "alts": [
      "星鎌·試作",
      "试作星镰",
      "Prototype Starglitter",
      "별의 낫 프로토타입"
    ]
  },
  {
    "chs": "灰河渡手",
    "alts": [
      "サーンドルの渡し守",
      "灰河渡手",
      "Fleuve Cendre Ferryman",
      "잿빛의 강 뱃사공"
    ]
  },
  {
    "chs": "「究极霸王超级魔剑」",
    "alts": [
      "\"Ultimate Overlord's Mega Magic Sword\"",
      "「スーパーアルティメット覇王魔剣」",
      "「究极霸王超级魔剑」",
      "「슈퍼 울트라 패왕 마검」"
    ]
  },
  {
    "chs": "试作澹月",
    "alts": [
      "试作澹月",
      "Prototype Crescent",
      "담월 프로토타입",
      "澹月·試作"
    ]
  },
  {
    "chs": "西风大剑",
    "alts": [
      "페보니우스 대검",
      "西風大剣",
      "Favonius Greatsword",
      "西风大剑"
    ]
  },
  {
    "chs": "溢彩心念",
    "alts": [
      "빛나는 마음",
      "ヴィヴィッド・ハート",
      "Vivid Notions",
      "溢彩心念"
    ]
  },
  {
    "chs": "拾慧铸熔",
    "alts": [
      "불로 벼린 지혜",
      "知恵の溶炎",
      "拾慧铸熔",
      "Flame-Forged Insight"
    ]
  },
  {
    "chs": "朏魄含光",
    "alts": [
      "Lightbearing Moonshard",
      "三日月の含光",
      "신월의 달빛",
      "朏魄含光"
    ]
  },
  {
    "chs": "峡湾长歌",
    "alts": [
      "峡湾长歌",
      "Ballad of the Fjords",
      "フィヨルドの歌",
      "협만의 노래"
    ]
  },
  {
    "chs": "风鹰剑",
    "alts": [
      "风鹰剑",
      "매의 검",
      "風鷹剣",
      "Aquila Favonia"
    ]
  },
  {
    "chs": "硕果钩",
    "alts": [
      "実りの鉤鉈",
      "수확의 갈고리",
      "硕果钩",
      "Fruitful Hook"
    ]
  },
  {
    "chs": "万能钥匙",
    "alts": [
      "Master Key",
      "万能钥匙",
      "만능 열쇠",
      "万能の鍵"
    ]
  },
  {
    "chs": "护摩之杖",
    "alts": [
      "护摩之杖",
      "護摩の杖",
      "호마의 지팡이",
      "Staff of Homa"
    ]
  },
  {
    "chs": "松籁响起之时",
    "alts": [
      "송뢰가 울릴 무렵",
      "松籁响起之时",
      "松韻の響く頃",
      "Song of Broken Pines"
    ]
  },
  {
    "chs": "祭礼大剑",
    "alts": [
      "제례 대검",
      "祭礼大剑",
      "祭礼の大剣",
      "Sacrificial Greatsword"
    ]
  },
  {
    "chs": "黎明破晓之史",
    "alts": [
      "The Daybreak Chronicles",
      "여명이 트는 역사",
      "黎明破晓之史",
      "暁を告げる歴史"
    ]
  },
  {
    "chs": "辰砂之纺锤",
    "alts": [
      "辰砂之纺锤",
      "진사의 방추",
      "シナバースピンドル",
      "Cinnabar Spindle"
    ]
  },
  {
    "chs": "霜辰",
    "alts": [
      "霜辰",
      "Dawning Frost",
      "서릿빛 새벽"
    ]
  },
  {
    "chs": "贯月矢",
    "alts": [
      "ムーンピアサー",
      "贯月矢",
      "달을 꿰뚫는 화살",
      "Moonpiercer"
    ]
  },
  {
    "chs": "宗室大剑",
    "alts": [
      "Royal Greatsword",
      "宗室大剑",
      "旧貴族大剣",
      "왕실의 대검"
    ]
  },
  {
    "chs": "磐岩结绿",
    "alts": [
      "磐岩结绿",
      "磐岩結緑",
      "반암결록",
      "Primordial Jade Cutter"
    ]
  },
  {
    "chs": "笼钓瓶一心",
    "alts": [
      "笼钓瓶一心",
      "카고츠루베 잇신",
      "籠釣瓶一心",
      "Kagotsurube Isshin"
    ]
  },
  {
    "chs": "水仙十字之剑",
    "alts": [
      "水仙十字之剑",
      "水仙十字の剣",
      "Sword of Narzissenkreuz",
      "수선화 십자검"
    ]
  },
  {
    "chs": "圣缚",
    "alts": [
      "Hallowed Fetters",
      "圣缚",
      "聖縛",
      "신성한 속박"
    ]
  },
  {
    "chs": "佣兵重剑",
    "alts": [
      "傭兵の重剣",
      "佣兵重剑",
      "용병 중검",
      "Old Merc's Pal"
    ]
  },
  {
    "chs": "天目影打刀",
    "alts": [
      "天目影打",
      "아메노마 카게우치가타나",
      "天目影打刀",
      "Amenoma Kageuchi"
    ]
  },
  {
    "chs": "喜多院十文字",
    "alts": [
      "喜多院十文字",
      "喜多院十文字槍",
      "Kitain Cross Spear",
      "키타인 십자창"
    ]
  },
  {
    "chs": "图莱杜拉的回忆",
    "alts": [
      "トゥライトゥーラの記憶",
      "图莱杜拉的回忆",
      "Tulaytullah's Remembrance",
      "툴레이툴라의 기억"
    ]
  },
  {
    "chs": "且住亭御咄",
    "alts": [
      "玉響停の御噺",
      "且住亭御咄",
      "Tamayuratei no Ohanashi",
      "쉼터의 이야기꾼"
    ]
  },
  {
    "chs": "苍翠猎弓",
    "alts": [
      "청록의 사냥활",
      "蒼翠の狩猟弓",
      "The Viridescent Hunt",
      "苍翠猎弓"
    ]
  },
  {
    "chs": "祭星者之望",
    "alts": [
      "祭星者之望",
      "Starcaller's Watch",
      "祭星者の眺め",
      "별지기의 시선"
    ]
  },
  {
    "chs": "圣显之钥",
    "alts": [
      "圣显之钥",
      "Key of Khaj-Nisut",
      "성현의 열쇠",
      "聖顕の鍵"
    ]
  },
  {
    "chs": "东花坊时雨",
    "alts": [
      "Toukabou Shigure",
      "東花坊時雨",
      "东花坊时雨",
      "꽃잎비"
    ]
  },
  {
    "chs": "决斗之枪",
    "alts": [
      "결투의 창",
      "死闘の槍",
      "决斗之枪",
      "Deathmatch"
    ]
  },
  {
    "chs": "尘世之锁",
    "alts": [
      "Memory of Dust",
      "浮世の錠",
      "尘世之锁",
      "속세의 자물쇠"
    ]
  },
  {
    "chs": "腐殖之剑",
    "alts": [
      "腐殖之剑",
      "Festering Desire",
      "腐植の剣",
      "부식의 검"
    ]
  },
  {
    "chs": "虹的行迹",
    "alts": [
      "Footprint of the Rainbow",
      "虹的行迹",
      "무지개의 행적",
      "虹の行方"
    ]
  },
  {
    "chs": "镇山之钉",
    "alts": [
      "산을 고정하는 못",
      "鎮山の釘",
      "Mountain-Bracing Bolt",
      "镇山之钉"
    ]
  },
  {
    "chs": "学徒笔记",
    "alts": [
      "학도의 노트",
      "生徒ノート",
      "Apprentice's Notes",
      "学徒笔记"
    ]
  },
  {
    "chs": "四风原典",
    "alts": [
      "사풍 원서",
      "Lost Prayer to the Sacred Winds",
      "四風原典",
      "四风原典"
    ]
  },
  {
    "chs": "竭泽",
    "alts": [
      "竭沢",
      "End of the Line",
      "메마른 연못",
      "竭泽"
    ]
  },
  {
    "chs": "白铁大剑",
    "alts": [
      "백철 대검",
      "白铁大剑",
      "白鉄の大剣",
      "White Iron Greatsword"
    ]
  },
  {
    "chs": "冷刃",
    "alts": [
      "冷刃",
      "차가운 칼날",
      "Cool Steel"
    ]
  },
  {
    "chs": "鹤鸣余音",
    "alts": [
      "학의 여음",
      "鶴鳴の余韻",
      "鹤鸣余音",
      "Crane's Echoing Call"
    ]
  },
  {
    "chs": "天光的纺琴",
    "alts": [
      "天光的纺琴",
      "금빛 류트",
      "天光のリュート",
      "Etherlight Spindlelute"
    ]
  },
  {
    "chs": "白雨心弦",
    "alts": [
      "심금을 울리는 하얀 비",
      "白雨心弦",
      "Silvershower Heartstrings"
    ]
  },
  {
    "chs": "黑岩战弓",
    "alts": [
      "黑岩战弓",
      "Blackcliff Warbow",
      "黒岩の戦弓",
      "흑암 배틀 보우"
    ]
  },
  {
    "chs": "有乐御簾切",
    "alts": [
      "우라쿠의 미스기리",
      "有乐御簾切",
      "有楽御簾切",
      "Uraku Misugiri"
    ]
  },
  {
    "chs": "岩峰巡歌",
    "alts": [
      "Peak Patrol Song",
      "岩峰巡歌",
      "바위산을 맴도는 노래",
      "岩峰を巡る歌"
    ]
  },
  {
    "chs": "遗祀玉珑",
    "alts": [
      "遗祀玉珑",
      "Sacrificial Jade",
      "제사의 옥",
      "古祠の瓏"
    ]
  },
  {
    "chs": "嘟嘟可故事集",
    "alts": [
      "嘟嘟可故事集",
      "ドドコの物語",
      "도도코 이야기집",
      "Dodoco Tales"
    ]
  },
  {
    "chs": "匣里龙吟",
    "alts": [
      "용의 포효",
      "Lion's Roar",
      "匣中龍吟",
      "匣里龙吟"
    ]
  },
  {
    "chs": "终末嗟叹之诗",
    "alts": [
      "終焉を嘆く詩",
      "终末嗟叹之诗",
      "Elegy for the End",
      "종말 탄식의 노래"
    ]
  },
  {
    "chs": "圣祭者的辉杖",
    "alts": [
      "圣祭者的辉杖",
      "신성한 제사의 지팡이",
      "聖祭者の輝杖",
      "Sacrificer's Staff"
    ]
  },
  {
    "chs": "沐浴龙血的剑",
    "alts": [
      "Bloodtainted Greatsword",
      "沐浴龙血的剑",
      "龍血を浴びた剣",
      "드래곤 블러드 소드"
    ]
  },
  {
    "chs": "不灭月华",
    "alts": [
      "不滅の月華",
      "不灭月华",
      "불멸의 달빛",
      "Everlasting Moonglow"
    ]
  },
  {
    "chs": "西风猎弓",
    "alts": [
      "西风猎弓",
      "西風猟弓",
      "페보니우스 활",
      "Favonius Warbow"
    ]
  },
  {
    "chs": "原木刀",
    "alts": [
      "Sapwood Blade",
      "原木刀",
      "원목 검"
    ]
  },
  {
    "chs": "以理服人",
    "alts": [
      "理屈責め",
      "Debate Club",
      "以理服人",
      "훌륭한 대화수단"
    ]
  },
  {
    "chs": "暗铁剑",
    "alts": [
      "暗铁剑",
      "暗鉄剣",
      "Dark Iron Sword",
      "암철검"
    ]
  },
  {
    "chs": "焚曜千阳",
    "alts": [
      "타오르는 천 개의 태양",
      "千烈の日輪",
      "A Thousand Blazing Suns",
      "焚曜千阳"
    ]
  },
  {
    "chs": "碎月",
    "alts": [
      "砕月",
      "碎月",
      "Shattered Moon",
      "부서진 달"
    ]
  },
  {
    "chs": "黑剑",
    "alts": [
      "黑剑",
      "칠흑검",
      "黒剣",
      "The Black Sword"
    ]
  },
  {
    "chs": "旅行剑",
    "alts": [
      "旅道の剣",
      "여행자의 검",
      "Traveler's Handy Sword",
      "旅行剑"
    ]
  },
  {
    "chs": "忍冬之果",
    "alts": [
      "Frostbearer",
      "冬忍びの実",
      "忍冬之果",
      "인동의 열매"
    ]
  },
  {
    "chs": "乌髓孑灯",
    "alts": [
      "乌髓孑灯",
      "검은 골수의 등불",
      "Blackmarrow Lantern",
      "烏髄の孤灯"
    ]
  },
  {
    "chs": "猎弓",
    "alts": [
      "猎弓",
      "사냥활",
      "Hunter's Bow",
      "狩猟弓"
    ]
  },
  {
    "chs": "异世界行记",
    "alts": [
      "이세계 여행기",
      "异世界行记",
      "Otherworldly Story",
      "異世界旅行記"
    ]
  },
  {
    "chs": "猎人之径",
    "alts": [
      "Hunter's Path",
      "狩人の道",
      "사냥꾼의 길",
      "猎人之径"
    ]
  },
  {
    "chs": "船坞长剑",
    "alts": [
      "船坞长剑",
      "船渠剣",
      "뱃도랑 장검",
      "The Dockhand's Assistant"
    ]
  },
  {
    "chs": "试作古华",
    "alts": [
      "古華·試作",
      "Prototype Archaic",
      "고화 프로토타입",
      "试作古华"
    ]
  },
  {
    "chs": "贯虹之槊",
    "alts": [
      "Vortex Vanquisher",
      "破天の槍",
      "贯虹之槊",
      "관홍의 창"
    ]
  },
  {
    "chs": "试作斩岩",
    "alts": [
      "试作斩岩",
      "Prototype Rancour",
      "斬岩·試作",
      "참암 프로토타입"
    ]
  },
  {
    "chs": "飞天大御剑",
    "alts": [
      "Skyrider Greatsword",
      "飞天大御剑",
      "비천대어검",
      "飛天大御剣"
    ]
  },
  {
    "chs": "聊聊棒",
    "alts": [
      "聊聊棒",
      "대화봉",
      "話死合い棒",
      "Talking Stick"
    ]
  },
  {
    "chs": "讨龙英杰谭",
    "alts": [
      "드래곤 슬레이어 영웅담",
      "讨龙英杰谭",
      "龍殺しの英傑譚",
      "Thrilling Tales of Dragon Slayers"
    ]
  },
  {
    "chs": "薙草之稻光",
    "alts": [
      "Engulfing Lightning",
      "薙草之稻光",
      "예초의 번개",
      "草薙の稲光"
    ]
  },
  {
    "chs": "木棉之环",
    "alts": [
      "약스체의 고리",
      "ヤシュチェの環",
      "Ring of Yaxche",
      "木棉之环"
    ]
  },
  {
    "chs": "信使",
    "alts": [
      "信使",
      "전령",
      "Messenger",
      "文使い"
    ]
  },
  {
    "chs": "万国诸海图谱",
    "alts": [
      "万国诸海图谱",
      "Mappa Mare",
      "万国諸海の図譜",
      "만국 항해용해도"
    ]
  },
  {
    "chs": "神射手之誓",
    "alts": [
      "神射手之誓",
      "シャープシューターの誓い",
      "Sharpshooter's Oath",
      "신궁의 서약"
    ]
  },
  {
    "chs": "冲浪时光",
    "alts": [
      "サーフィンタイム",
      "서핑 타임",
      "冲浪时光",
      "Surf's Up"
    ]
  },
  {
    "chs": "降临之剑",
    "alts": [
      "Sword of Descension",
      "降临之剑",
      "降臨の剣",
      "강림의 검"
    ]
  },
  {
    "chs": "曚云之月",
    "alts": [
      "Mouun's Moon",
      "모운의 달",
      "曚云之月",
      "曚雲の月"
    ]
  },
  {
    "chs": "蛇噬·真化",
    "alts": [
      "蛇噬·真化",
      "呑蛇・真化",
      "Serpent Devourer - Sublimation",
      "삼키는 뱀·실체"
    ]
  },
  {
    "chs": "无工之剑",
    "alts": [
      "無工の剣",
      "무공의 검",
      "The Unforged",
      "无工之剑"
    ]
  },
  {
    "chs": "裁断",
    "alts": [
      "裁断",
      "판정",
      "Verdict"
    ]
  },
  {
    "chs": "碎月·真化",
    "alts": [
      "Shattered Moon - Sublimation",
      "砕月・真化",
      "부서진 달·실체",
      "碎月·真化"
    ]
  },
  {
    "chs": "衔珠海皇",
    "alts": [
      "Luxurious Sea-Lord",
      "진주를 문 해황",
      "銜玉の海皇",
      "衔珠海皇"
    ]
  },
  {
    "chs": "弹弓",
    "alts": [
      "Slingshot",
      "弾弓",
      "탄궁",
      "弹弓"
    ]
  },
  {
    "chs": "宗室长弓",
    "alts": [
      "Royal Bow",
      "왕실의 장궁",
      "旧貴族長弓",
      "宗室长弓"
    ]
  },
  {
    "chs": "断浪长鳍",
    "alts": [
      "斬波のひれ長",
      "断浪长鳍",
      "파도 베는 지느러미",
      "Wavebreaker's Fin"
    ]
  },
  {
    "chs": "贯星",
    "alts": [
      "Starpiercer",
      "贯星",
      "꿰뚫린 별",
      "貫星"
    ]
  },
  {
    "chs": "弓藏",
    "alts": [
      "弓蔵",
      "弓藏",
      "Rust",
      "녹슨 활"
    ]
  },
  {
    "chs": "山王长牙",
    "alts": [
      "Fang of the Mountain King",
      "산왕의 엄니",
      "山の王の長牙",
      "山王长牙"
    ]
  },
  {
    "chs": "最初的大魔术",
    "alts": [
      "최초의 대마술",
      "The First Great Magic",
      "最初的大魔术",
      "始まりの大魔術"
    ]
  },
  {
    "chs": "公义的酬报",
    "alts": [
      "公义的酬报",
      "공의의 보상",
      "Rightful Reward",
      "正義の報酬"
    ]
  },
  {
    "chs": "筑云",
    "alts": [
      "Cloudforged",
      "築雲",
      "축운",
      "筑云"
    ]
  },
  {
    "chs": "白缨枪",
    "alts": [
      "White Tassel",
      "백술창",
      "白纓槍",
      "白缨枪"
    ]
  },
  {
    "chs": "阿莫斯之弓",
    "alts": [
      "阿莫斯之弓",
      "Amos' Bow",
      "アモスの弓",
      "아모스의 활"
    ]
  },
  {
    "chs": "帷间夜曲",
    "alts": [
      "帳の夜曲",
      "막간의 야상곡",
      "帷间夜曲",
      "Nocturne's Curtain Call"
    ]
  },
  {
    "chs": "黑岩斩刀",
    "alts": [
      "黑岩斩刀",
      "Blackcliff Slasher",
      "黒岩の斬刀",
      "흑암참도"
    ]
  },
  {
    "chs": "冬极白星",
    "alts": [
      "冬極の白星",
      "극지의 별",
      "Polar Star",
      "冬极白星"
    ]
  },
  {
    "chs": "森林王器",
    "alts": [
      "森林のレガリア",
      "Forest Regalia",
      "숲의 리게일리어",
      "森林王器"
    ]
  },
  {
    "chs": "飞雷之弦振",
    "alts": [
      "飛雷の鳴弦",
      "飞雷之弦振",
      "Thundering Pulse",
      "비뢰의 고동"
    ]
  },
  {
    "chs": "白辰之环",
    "alts": [
      "하쿠신의 고리",
      "Hakushin Ring",
      "白辰の輪",
      "白辰之环"
    ]
  },
  {
    "chs": "碧落之珑",
    "alts": [
      "벽락의 옥",
      "碧落之珑",
      "碧落の瓏",
      "Jadefall's Splendor"
    ]
  },
  {
    "chs": "飞天御剑",
    "alts": [
      "飞天御剑",
      "飛天御剣",
      "비천어검",
      "Skyrider Sword"
    ]
  },
  {
    "chs": "碎链",
    "alts": [
      "Chain Breaker",
      "사슬 파괴자",
      "チェーンブレイカー",
      "碎链"
    ]
  },
  {
    "chs": "冷寂迸音",
    "alts": [
      "Sequence of Solitude",
      "침묵의 사격",
      "冷寂迸音",
      "冷寂の音"
    ]
  },
  {
    "chs": "祭礼残章",
    "alts": [
      "祭礼残章",
      "祭礼の断片",
      "Sacrificial Fragments",
      "제례의 악장"
    ]
  },
  {
    "chs": "黑岩绯玉",
    "alts": [
      "黒岩の緋玉",
      "黑岩绯玉",
      "흑암 홍옥",
      "Blackcliff Agate"
    ]
  },
  {
    "chs": "缀花之翎",
    "alts": [
      "Flower-Wreathed Feathers",
      "花飾りの羽",
      "缀花之翎",
      "꽃장식 깃"
    ]
  },
  {
    "chs": "螭骨剑",
    "alts": [
      "이무기 검",
      "Serpent Spine",
      "螭龍の剣",
      "螭骨剑"
    ]
  },
  {
    "chs": "万世流涌大典",
    "alts": [
      "Tome of the Eternal Flow",
      "久遠流転の大典",
      "万世流涌大典",
      "영원히 샘솟는 법전"
    ]
  },
  {
    "chs": "浪影阔剑",
    "alts": [
      "浪影阔剑",
      "Tidal Shadow",
      "タイダル·シャドー",
      "파도 그림자 대검"
    ]
  },
  {
    "chs": "便携动力锯",
    "alts": [
      "휴대용 체인톱",
      "携帯型チェーンソー",
      "便携动力锯",
      "Portable Power Saw"
    ]
  },
  {
    "chs": "狼牙",
    "alts": [
      "Wolf-Fang",
      "늑대 송곳니",
      "狼牙"
    ]
  },
  {
    "chs": "天空之傲",
    "alts": [
      "天空之傲",
      "Skyward Pride",
      "天空の傲",
      "천공의 긍지"
    ]
  },
  {
    "chs": "鹮穿之喙",
    "alts": [
      "トキの嘴",
      "鹮穿之喙",
      "Ibis Piercer",
      "꿰뚫는 따오기 부리"
    ]
  },
  {
    "chs": "无锋剑",
    "alts": [
      "Dull Blade",
      "无锋剑",
      "무인검",
      "無鋒の剣"
    ]
  },
  {
    "chs": "甲级宝珏",
    "alts": [
      "甲级宝珏",
      "Twin Nephrite",
      "1급 보옥",
      "特級の宝玉"
    ]
  },
  {
    "chs": "烈阳之嗣",
    "alts": [
      "Scion of the Blazing Sun",
      "뜨거운 태양의 후손",
      "烈日の後嗣",
      "烈阳之嗣"
    ]
  },
  {
    "chs": "西风剑",
    "alts": [
      "西风剑",
      "페보니우스 검",
      "Favonius Sword",
      "西風剣"
    ]
  },
  {
    "chs": "贯星·真化",
    "alts": [
      "Starpiercer - Sublimation",
      "꿰뚫린 별·실체",
      "貫星・真化",
      "贯星·真化"
    ]
  },
  {
    "chs": "静谧之曲",
    "alts": [
      "고요한 노래",
      "静谧之曲",
      "静寂の唄",
      "Song of Stillness"
    ]
  },
  {
    "chs": "千夜浮梦",
    "alts": [
      "떠오르는 천일 밤의 꿈",
      "千夜浮梦",
      "A Thousand Floating Dreams",
      "千夜に浮かぶ夢"
    ]
  },
  {
    "chs": "海渊终曲",
    "alts": [
      "海淵のフィナーレ",
      "海渊终曲",
      "해연의 피날레",
      "Finale of the Deep"
    ]
  },
  {
    "chs": "吃虎鱼刀",
    "alts": [
      "吃虎鱼刀",
      "흘호 생선회칼",
      "チ虎魚の刀",
      "Fillet Blade"
    ]
  },
  {
    "chs": "恶王丸",
    "alts": [
      "惡王丸",
      "恶王丸",
      "Akuoumaru",
      "아쿠오마루"
    ]
  },
  {
    "chs": "黑缨枪",
    "alts": [
      "흑술창",
      "Black Tassel",
      "黒纓槍",
      "黑缨枪"
    ]
  },
  {
    "chs": "苍古自由之誓",
    "alts": [
      "蒼古なる自由への誓い",
      "苍古自由之誓",
      "Freedom-Sworn",
      "오래된 자유의 서약"
    ]
  },
  {
    "chs": "鸦羽弓",
    "alts": [
      "Raven Bow",
      "까마귀깃 활",
      "鴉羽の弓",
      "鸦羽弓"
    ]
  },
  {
    "chs": "无垠蔚蓝之歌",
    "alts": [
      "Ballad of the Boundless Blue",
      "끝없는 쪽빛의 노래",
      "无垠蔚蓝之歌",
      "果てなき紺碧の唄"
    ]
  },
  {
    "chs": "波乱月白经津",
    "alts": [
      "波乱月白経津",
      "波乱月白经津",
      "Haran Geppaku Futsu",
      "하란 월백의 후츠"
    ]
  },
  {
    "chs": "流浪乐章",
    "alts": [
      "음유시인의 악장",
      "流浪乐章",
      "The Widsith",
      "流浪楽章"
    ]
  },
  {
    "chs": "赤沙之杖",
    "alts": [
      "Staff of the Scarlet Sands",
      "적색 사막의 지팡이",
      "赤砂の杖",
      "赤沙之杖"
    ]
  },
  {
    "chs": "勘探钻机",
    "alts": [
      "탐사용 드릴",
      "Prospector's Drill",
      "勘探钻机",
      "プロスペクタードリル"
    ]
  },
  {
    "chs": "黑岩长剑",
    "alts": [
      "Blackcliff Longsword",
      "黑岩长剑",
      "흑암 장검",
      "黒岩の長剣"
    ]
  },
  {
    "chs": "测距规",
    "alts": [
      "测距规",
      "レンジゲージ",
      "거리 측정기",
      "Range Gauge"
    ]
  },
  {
    "chs": "银剑",
    "alts": [
      "銀の剣",
      "Silver Sword",
      "银剑",
      "실버 소드"
    ]
  },
  {
    "chs": "新手长枪",
    "alts": [
      "新米の長槍",
      "Beginner's Protector",
      "초보자의 장창",
      "新手长枪"
    ]
  },
  {
    "chs": "训练大剑",
    "alts": [
      "訓練用大剣",
      "Waster Greatsword",
      "训练大剑",
      "훈련용 대검"
    ]
  },
  {
    "chs": "暗巷闪光",
    "alts": [
      "뒷골목의 섬광",
      "The Alley Flash",
      "暗巷闪光",
      "ダークアレイの閃光"
    ]
  },
  {
    "chs": "神乐之真意",
    "alts": [
      "카구라의 진의",
      "神乐之真意",
      "Kagura's Verity",
      "神楽の真意"
    ]
  },
  {
    "chs": "风花之颂",
    "alts": [
      "风花之颂",
      "Windblume Ode",
      "바람 꽃의 노래",
      "風花の頌歌"
    ]
  },
  {
    "chs": "钺矛",
    "alts": [
      "Halberd",
      "钺矛",
      "鉾槍",
      "미늘창"
    ]
  },
  {
    "chs": "星鹫赤羽",
    "alts": [
      "Astral Vulture's Crimson Plumage",
      "星鷲の紅き羽",
      "星鹫赤羽",
      "붉은 깃 별독수리"
    ]
  },
  {
    "chs": "蛇噬",
    "alts": [
      "삼키는 뱀",
      "呑蛇",
      "Serpent Devourer",
      "蛇噬"
    ]
  },
  {
    "chs": "裁叶萃光",
    "alts": [
      "裁叶萃光",
      "Light of Foliar Incision",
      "萃光の裁葉",
      "잎을 가르는 빛"
    ]
  },
  {
    "chs": "盈满之实",
    "alts": [
      "Fruit of Fulfillment",
      "満悦の実",
      "충만의 열매",
      "盈满之实"
    ]
  },
  {
    "chs": "厄水之祸",
    "alts": [
      "에슈의 재앙",
      "Calamity of Eshu",
      "厄水の災い",
      "厄水之祸"
    ]
  },
  {
    "chs": "流浪的晚星",
    "alts": [
      "彷徨える星",
      "Wandering Evenstar",
      "流浪的晚星",
      "방랑하는 저녁별"
    ]
  },
  {
    "chs": "王下近侍",
    "alts": [
      "王下近侍",
      "王の近侍",
      "King's Squire",
      "왕의 측근"
    ]
  },
  {
    "chs": "赫烈·真化",
    "alts": [
      "煌烈・真化",
      "맹렬한 열기·실체",
      "赫烈·真化",
      "Ardent Storm - Sublimation"
    ]
  },
  {
    "chs": "宗室猎枪",
    "alts": [
      "Royal Spear",
      "宗室猎枪",
      "왕실의 장창",
      "旧貴族猟槍"
    ]
  },
  {
    "chs": "钟剑",
    "alts": [
      "鐘の剣",
      "The Bell",
      "시간의 검",
      "钟剑"
    ]
  },
  {
    "chs": "玛海菈的水色",
    "alts": [
      "물빛 마카이라",
      "Makhaira Aquamarine",
      "マカイラの水色",
      "玛海菈的水色"
    ]
  },
  {
    "chs": "证誓之明瞳",
    "alts": [
      "Oathsworn Eye",
      "证誓之明瞳",
      "誓いの明瞳",
      "맹세의 눈동자"
    ]
  },
  {
    "chs": "翡玉法球",
    "alts": [
      "翡玉法珠",
      "Emerald Orb",
      "비취 오브",
      "翡玉法球"
    ]
  },
  {
    "chs": "暗巷的酒与诗",
    "alts": [
      "暗巷的酒与诗",
      "뒷골목의 술과 시",
      "Wine and Song",
      "ダークアレイの酒と詩"
    ]
  },
  {
    "chs": "织月者的曙色",
    "alts": [
      "织月者的曙色",
      "Moonweaver's Dawn",
      "달을 엮는 자의 새벽빛",
      "月紡ぎの曙光"
    ]
  },
  {
    "chs": "笛剑",
    "alts": [
      "笛の剣",
      "The Flute",
      "笛剑",
      "피리검"
    ]
  },
  {
    "chs": "掘金之锹",
    "alts": [
      "채굴의 삽",
      "金掘りのシャベル",
      "掘金之锹",
      "Prospector's Shovel"
    ]
  },
  {
    "chs": "赤角石溃杵",
    "alts": [
      "赤角石塵滅砕",
      "赤角石溃杵",
      "Redhorn Stonethresher",
      "쇄석의 붉은 뿔"
    ]
  },
  {
    "chs": "天空之脊",
    "alts": [
      "천공의 마루",
      "天空の脊",
      "Skyward Spine",
      "天空之脊"
    ]
  },
  {
    "chs": "祭礼剑",
    "alts": [
      "祭礼の剣",
      "祭礼剑",
      "제례검",
      "Sacrificial Sword"
    ]
  },
  {
    "chs": "雨裁",
    "alts": [
      "Rainslasher",
      "雨裁",
      "빗물 베기"
    ]
  },
  {
    "chs": "寝正月初晴",
    "alts": [
      "寝正月の初晴",
      "나른한 새해",
      "Sunny Morning Sleep-In",
      "寝正月初晴"
    ]
  },
  {
    "chs": "静水流涌之辉",
    "alts": [
      "Splendor of Tranquil Waters",
      "静水流涌之辉",
      "고요히 샘솟는 빛",
      "静水流転の輝き"
    ]
  },
  {
    "chs": "历练的猎弓",
    "alts": [
      "노련의 사냥활",
      "歴戦の狩猟弓",
      "历练的猎弓",
      "Seasoned Hunter's Bow"
    ]
  },
  {
    "chs": "狼的末路",
    "alts": [
      "Wolf's Gravestone",
      "늑대의 말로",
      "狼の末路",
      "狼的末路"
    ]
  },
  {
    "chs": "血染荒城",
    "alts": [
      "血染荒城",
      "Bloodsoaked Ruins",
      "血染めの荒れ地",
      "피로 물든 성"
    ]
  },
  {
    "chs": "昭心",
    "alts": [
      "昭心",
      "소심",
      "Eye of Perception"
    ]
  },
  {
    "chs": "息灾",
    "alts": [
      "息灾",
      "Calamity Queller",
      "息災",
      "식재"
    ]
  },
  {
    "chs": "苍纹角杯",
    "alts": [
      "苍纹角杯",
      "푸른 문양 뿔잔",
      "Ash-Graven Drinking Horn",
      "蒼紋の角杯"
    ]
  },
  {
    "chs": "若水",
    "alts": [
      "若水",
      "Aqua Simulacra",
      "약수"
    ]
  },
  {
    "chs": "和璞鸢",
    "alts": [
      "화박연",
      "和璞鸢",
      "和璞鳶",
      "Primordial Jade Winged-Spear"
    ]
  },
  {
    "chs": "天空之翼",
    "alts": [
      "天空之翼",
      "천공의 날개",
      "天空の翼",
      "Skyward Harp"
    ]
  },
  {
    "chs": "真语秘匣",
    "alts": [
      "真语秘匣",
      "Reliquary of Truth",
      "진실의 함",
      "真言の匣"
    ]
  },
  {
    "chs": "赤月之形",
    "alts": [
      "赤月のシルエット",
      "赤月之形",
      "붉은 달의 형상",
      "Crimson Moon's Semblance"
    ]
  },
  {
    "chs": "绝弦",
    "alts": [
      "絶弦",
      "The Stringless",
      "절현",
      "绝弦"
    ]
  },
  {
    "chs": "纯水流华",
    "alts": [
      "纯水流华",
      "Flowing Purity",
      "순수한 달빛 물결",
      "純水流華"
    ]
  },
  {
    "chs": "暗巷猎手",
    "alts": [
      "暗巷猎手",
      "Alley Hunter",
      "ダークアレイの狩人",
      "뒷골목 사냥꾼"
    ]
  },
  {
    "chs": "息燧之笛",
    "alts": [
      "エズピツァルの笛",
      "息燧之笛",
      "Flute of Ezpitzal",
      "에스피찰의 피리"
    ]
  },
  {
    "chs": "乘浪的回旋",
    "alts": [
      "乘浪的回旋",
      "波乗りの旋回",
      "Waveriding Whirl",
      "돌아오는 파도"
    ]
  },
  {
    "chs": "千岩长枪",
    "alts": [
      "천암장창",
      "千岩長槍",
      "千岩长枪",
      "Lithic Spear"
    ]
  },
  {
    "chs": "柔灯挽歌",
    "alts": [
      "등방울꽃의 애가",
      "ルミドゥースの挽歌",
      "柔灯挽歌",
      "Lumidouce Elegy"
    ]
  },
  {
    "chs": "口袋魔导书",
    "alts": [
      "口袋魔导书",
      "Pocket Grimoire",
      "포켓 주술서",
      "ポケット魔導書"
    ]
  },
  {
    "chs": "苇海信标",
    "alts": [
      "苇海信标",
      "Beacon of the Reed Sea",
      "갈대 바다의 등대",
      "葦海の標"
    ]
  },
  {
    "chs": "落霞",
    "alts": [
      "노을",
      "落霞",
      "Fading Twilight"
    ]
  },
  {
    "chs": "宗室长剑",
    "alts": [
      "旧貴族長剣",
      "Royal Longsword",
      "왕실의 장검",
      "宗室长剑"
    ]
  },
  {
    "chs": "支离轮光",
    "alts": [
      "Fractured Halo",
      "支离轮光",
      "파멸의 빛고리",
      "砕け散る光輪"
    ]
  },
  {
    "chs": "天空之卷",
    "alts": [
      "天空之卷",
      "天空の巻",
      "천공의 두루마리",
      "Skyward Atlas"
    ]
  },
  {
    "chs": "黑岩刺枪",
    "alts": [
      "黒岩の突槍",
      "Blackcliff Pole",
      "흑암창",
      "黑岩刺枪"
    ]
  },
  {
    "chs": "魔导绪论",
    "alts": [
      "마도 서론",
      "魔導緒論",
      "Magic Guide",
      "魔导绪论"
    ]
  },
  {
    "chs": "谧音吹哨",
    "alts": [
      "고요한 휘파람",
      "谧音吹哨",
      "静謐の笛",
      "Serenity's Call"
    ]
  },
  {
    "chs": "金流监督",
    "alts": [
      "현금 흐름 감독",
      "凛流の監視者",
      "金流监督",
      "Cashflow Supervision"
    ]
  },
  {
    "chs": "雾切之回光",
    "alts": [
      "안개를 가르는 회광",
      "Mistsplitter Reforged",
      "霧切の廻光",
      "雾切之回光"
    ]
  },
  {
    "chs": "宗室秘法录",
    "alts": [
      "Royal Grimoire",
      "왕실의 비전록",
      "宗室秘法录",
      "旧貴族秘法録"
    ]
  },
  {
    "chs": "罗网勾针",
    "alts": [
      "그물을 뚫는 화살",
      "羅網の針",
      "罗网勾针",
      "Snare Hook"
    ]
  },
  {
    "chs": "桂木斩长正",
    "alts": [
      "桂木斩长正",
      "桂木斬長正",
      "Katsuragikiri Nagamasa",
      "카츠라기를 벤 나가마사"
    ]
  },
  {
    "chs": "匣里日月",
    "alts": [
      "일월의 정수",
      "Solar Pearl",
      "匣里日月",
      "匣中日月"
    ]
  },
  {
    "chs": "铁尖枪",
    "alts": [
      "Iron Point",
      "鉄尖槍",
      "铁尖枪",
      "철촉창"
    ]
  },
  {
    "chs": "掠食者",
    "alts": [
      "Predator",
      "掠食者",
      "포식자",
      "プレデター"
    ]
  },
  {
    "chs": "龙脊长枪",
    "alts": [
      "龙脊长枪",
      "용의 척추",
      "Dragonspine Spear",
      "ドラゴンスピア"
    ]
  },
  {
    "chs": "幽夜华尔兹",
    "alts": [
      "幽夜のワルツ",
      "유야의 왈츠",
      "Mitternachts Waltz",
      "幽夜华尔兹"
    ]
  },
  {
    "chs": "赫烈",
    "alts": [
      "煌烈",
      "맹렬한 열기",
      "Ardent Storm",
      "赫烈"
    ]
  },
  {
    "chs": "铁蜂刺",
    "alts": [
      "Iron Sting",
      "铁蜂刺",
      "鉄蜂の刺し",
      "강철 벌침"
    ]
  },
  {
    "chs": "试作金珀",
    "alts": [
      "Prototype Amber",
      "试作金珀",
      "金珀·試作",
      "황금 호박 프로토타입"
    ]
  },
  {
    "chs": "铁影阔剑",
    "alts": [
      "铁影阔剑",
      "강철의 그림자",
      "鉄影段平",
      "Ferrous Shadow"
    ]
  },
  {
    "chs": "虹蛇的雨弦",
    "alts": [
      "虹蛇的雨弦",
      "虹蛇の雨弦",
      "무지개뱀의 현",
      "Rainbow Serpent's Rain Bow"
    ]
  },
  {
    "chs": "千岩古剑",
    "alts": [
      "Lithic Blade",
      "千岩古剑",
      "천암고검",
      "千岩古剣"
    ]
  },
  {
    "chs": "钢轮弓",
    "alts": [
      "강철궁",
      "リングボウ",
      "钢轮弓",
      "Compound Bow"
    ]
  },
  {
    "chs": "白影剑",
    "alts": [
      "Whiteblind",
      "白影の剣",
      "백영검",
      "白影剑"
    ]
  },
  {
    "chs": "流月针",
    "alts": [
      "流月の針",
      "유월창",
      "流月针",
      "Crescent Pike"
    ]
  },
  {
    "chs": "圣缚·真化",
    "alts": [
      "Hallowed Fetters - Sublimation",
      "신성한 속박·실체",
      "圣缚·真化",
      "聖縛・真化"
    ]
  },
  {
    "chs": "黑蚀",
    "alts": [
      "검은 침식",
      "黑蚀",
      "Athame Artis",
      "黒蝕"
    ]
  },
  {
    "chs": "斫峰之刃",
    "alts": [
      "斫峰之刃",
      "斬山の刃",
      "참봉의 칼날",
      "Summit Shaper"
    ]
  },
  {
    "chs": "纺夜天镜",
    "alts": [
      "夜を紡ぐ天鏡",
      "纺夜天镜",
      "Nightweaver's Looking Glass",
      "밤을 엮는 거울"
    ]
  },
  {
    "chs": "祭礼弓",
    "alts": [
      "祭礼の弓",
      "祭礼弓",
      "제례활",
      "Sacrificial Bow"
    ]
  },
  {
    "chs": "香韵奏者",
    "alts": [
      "Symphonist of Scents",
      "香りのシンフォニスト",
      "香韵奏者",
      "맛의 지휘자"
    ]
  },
  {
    "chs": "弥坚骨",
    "alts": [
      "Sturdy Bone",
      "弥坚骨",
      "견고한 골검",
      "ストロング・ボーン"
    ]
  },
  {
    "chs": "三月七",
    "alts": [
      "Mar. 7th",
      "March 7th",
      "三月七",
      "三月なのか"
    ]
  },
  {
    "chs": "丹恒",
    "alts": [
      "丹恒",
      "Dan Heng",
      "단항"
    ]
  },
  {
    "chs": "姬子",
    "alts": [
      "姫子",
      "姬子",
      "Himeko",
      "히메코"
    ]
  },
  {
    "chs": "瓦尔特",
    "alts": [
      "웰트",
      "瓦尔特",
      "Welt",
      "ヴェルト"
    ]
  },
  {
    "chs": "卡芙卡",
    "alts": [
      "卡芙卡",
      "Kafka",
      "カフカ",
      "카프카"
    ]
  },
  {
    "chs": "银狼",
    "alts": [
      "银狼",
      "은랑",
      "Silver Wolf",
      "銀狼"
    ]
  },
  {
    "chs": "阿兰",
    "alts": [
      "Arlan",
      "아를란",
      "アーラン",
      "阿兰"
    ]
  },
  {
    "chs": "艾丝妲",
    "alts": [
      "アスター",
      "아스타",
      "Asta",
      "艾丝妲"
    ]
  },
  {
    "chs": "黑塔",
    "alts": [
      "헤르타",
      "Herta",
      "黑塔",
      "ヘルタ"
    ]
  },
  {
    "chs": "Saber",
    "alts": [
      "세이버",
      "セイバー",
      "Saber"
    ]
  },
  {
    "chs": "Archer",
    "alts": [
      "Archer",
      "아처",
      "アーチャー"
    ]
  },
  {
    "chs": "布洛妮娅",
    "alts": [
      "Bronya",
      "ブローニャ",
      "브로냐",
      "布洛妮娅"
    ]
  },
  {
    "chs": "希儿",
    "alts": [
      "ゼーレ",
      "希儿",
      "제레",
      "Seele"
    ]
  },
  {
    "chs": "希露瓦",
    "alts": [
      "서벌",
      "セーバル",
      "Serval",
      "希露瓦"
    ]
  },
  {
    "chs": "杰帕德",
    "alts": [
      "게파드",
      "Gepard",
      "ジェパード",
      "杰帕德"
    ]
  },
  {
    "chs": "娜塔莎",
    "alts": [
      "Natasha",
      "나타샤",
      "娜塔莎",
      "ナターシャ"
    ]
  },
  {
    "chs": "佩拉",
    "alts": [
      "Pela",
      "페라",
      "ペラ",
      "佩拉"
    ]
  },
  {
    "chs": "克拉拉",
    "alts": [
      "Clara",
      "クラーラ",
      "클라라",
      "克拉拉"
    ]
  },
  {
    "chs": "桑博",
    "alts": [
      "サンポ",
      "桑博",
      "Sampo",
      "삼포"
    ]
  },
  {
    "chs": "虎克",
    "alts": [
      "Hook",
      "虎克",
      "후크",
      "フック"
    ]
  },
  {
    "chs": "玲可",
    "alts": [
      "Lynx",
      "リンクス",
      "玲可",
      "링스"
    ]
  },
  {
    "chs": "卢卡",
    "alts": [
      "ルカ",
      "루카",
      "卢卡",
      "Luka"
    ]
  },
  {
    "chs": "托帕&账账",
    "alts": [
      "Topaz & Numby",
      "토파즈&복순이",
      "托帕&账账",
      "トパーズ&カブ"
    ]
  },
  {
    "chs": "青雀",
    "alts": [
      "青雀",
      "Qingque",
      "청작"
    ]
  },
  {
    "chs": "停云",
    "alts": [
      "停雲",
      "정운",
      "停云",
      "Tingyun"
    ]
  },
  {
    "chs": "罗刹",
    "alts": [
      "나찰",
      "罗刹",
      "Luocha",
      "羅刹"
    ]
  },
  {
    "chs": "景元",
    "alts": [
      "Jing Yuan",
      "景元",
      "경원"
    ]
  },
  {
    "chs": "刃",
    "alts": [
      "블레이드",
      "Blade",
      "刃"
    ]
  },
  {
    "chs": "素裳",
    "alts": [
      "Sushang",
      "소상",
      "素裳"
    ]
  },
  {
    "chs": "驭空",
    "alts": [
      "驭空",
      "Yukong",
      "御空",
      "어공"
    ]
  },
  {
    "chs": "符玄",
    "alts": [
      "Fu Xuan",
      "符玄",
      "부현"
    ]
  },
  {
    "chs": "彦卿",
    "alts": [
      "彦卿",
      "Yanqing",
      "연경"
    ]
  },
  {
    "chs": "桂乃芬",
    "alts": [
      "계네빈",
      "桂乃芬",
      "Guinaifen"
    ]
  },
  {
    "chs": "白露",
    "alts": [
      "白露",
      "백로",
      "Bailu"
    ]
  },
  {
    "chs": "镜流",
    "alts": [
      "鏡流",
      "镜流",
      "경류",
      "Jingliu"
    ]
  },
  {
    "chs": "丹恒•饮月",
    "alts": [
      "Dan Heng • Imbibitor Lunae",
      "丹恒•饮月",
      "단항•음월",
      "丹恒・飲月"
    ]
  },
  {
    "chs": "雪衣",
    "alts": [
      "Xueyi",
      "雪衣",
      "설의"
    ]
  },
  {
    "chs": "寒鸦",
    "alts": [
      "寒鴉",
      "寒鸦",
      "Hanya",
      "한아"
    ]
  },
  {
    "chs": "藿藿",
    "alts": [
      "곽향",
      "Huohuo",
      "藿藿",
      "フォフォ"
    ]
  },
  {
    "chs": "椒丘",
    "alts": [
      "椒丘",
      "Jiaoqiu",
      "초구"
    ]
  },
  {
    "chs": "飞霄",
    "alts": [
      "飛霄",
      "비소",
      "飞霄",
      "Feixiao"
    ]
  },
  {
    "chs": "云璃",
    "alts": [
      "雲璃",
      "云璃",
      "Yunli",
      "운리"
    ]
  },
  {
    "chs": "灵砂",
    "alts": [
      "霊砂",
      "灵砂",
      "Lingsha",
      "영사"
    ]
  },
  {
    "chs": "貊泽",
    "alts": [
      "Moze",
      "貊泽",
      "モゼ",
      "맥택"
    ]
  },
  {
    "chs": "忘归人",
    "alts": [
      "帰忘の流離人",
      "Fugue",
      "망귀인",
      "忘归人"
    ]
  },
  {
    "chs": "加拉赫",
    "alts": [
      "갤러거",
      "ギャラガー",
      "加拉赫",
      "Gallagher"
    ]
  },
  {
    "chs": "银枝",
    "alts": [
      "アルジェンティ",
      "아젠티",
      "Argenti",
      "银枝"
    ]
  },
  {
    "chs": "阮•梅",
    "alts": [
      "ルアン・メェイ",
      "Ruan Mei",
      "阮•梅",
      "완•매"
    ]
  },
  {
    "chs": "砂金",
    "alts": [
      "Aventurine",
      "어벤츄린",
      "アベンチュリン",
      "砂金"
    ]
  },
  {
    "chs": "真理医生",
    "alts": [
      "真理医生",
      "Dr. Ratio",
      "Dr. 레이시오",
      "Dr.レイシオ"
    ]
  },
  {
    "chs": "花火",
    "alts": [
      "花火",
      "Sparkle",
      "스파클"
    ]
  },
  {
    "chs": "黑天鹅",
    "alts": [
      "Black Swan",
      "ブラックスワン",
      "黑天鹅",
      "블랙 스완"
    ]
  },
  {
    "chs": "黄泉",
    "alts": [
      "黄泉",
      "Acheron",
      "아케론"
    ]
  },
  {
    "chs": "知更鸟",
    "alts": [
      "로빈",
      "Robin",
      "ロビン",
      "知更鸟"
    ]
  },
  {
    "chs": "流萤",
    "alts": [
      "Firefly",
      "流萤",
      "반디",
      "ホタル"
    ]
  },
  {
    "chs": "米沙",
    "alts": [
      "米沙",
      "Misha",
      "미샤",
      "ミーシャ"
    ]
  },
  {
    "chs": "星期日",
    "alts": [
      "Sunday",
      "サンデー",
      "星期日",
      "선데이"
    ]
  },
  {
    "chs": "翡翠",
    "alts": [
      "翡翠",
      "ジェイド",
      "제이드",
      "Jade"
    ]
  },
  {
    "chs": "波提欧",
    "alts": [
      "波提欧",
      "Boothill",
      "부트힐",
      "ブートヒル"
    ]
  },
  {
    "chs": "乱破",
    "alts": [
      "Rappa",
      "라파",
      "乱破"
    ]
  },
  {
    "chs": "大丽花",
    "alts": [
      "The Dahlia",
      "ダリア",
      "大丽花",
      "달리아"
    ]
  },
  {
    "chs": "大黑塔",
    "alts": [
      "マダム・ヘルタ",
      "大黑塔",
      "더 헤르타",
      "The Herta"
    ]
  },
  {
    "chs": "阿格莱雅",
    "alts": [
      "アグライア",
      "아글라이아",
      "阿格莱雅",
      "Aglaea"
    ]
  },
  {
    "chs": "缇宝",
    "alts": [
      "トリビー",
      "Tribbie",
      "缇宝",
      "트리비"
    ]
  },
  {
    "chs": "万敌",
    "alts": [
      "万敌",
      "Mydei",
      "モーディス",
      "마이데이"
    ]
  },
  {
    "chs": "那刻夏",
    "alts": [
      "아낙사",
      "アナイクス",
      "Anaxa",
      "那刻夏"
    ]
  },
  {
    "chs": "赛飞儿",
    "alts": [
      "赛飞儿",
      "사이퍼",
      "Cipher",
      "サフェル"
    ]
  },
  {
    "chs": "遐蝶",
    "alts": [
      "遐蝶",
      "카스토리스",
      "Castorice",
      "キャストリス"
    ]
  },
  {
    "chs": "白厄",
    "alts": [
      "Phainon",
      "ファイノン",
      "白厄",
      "파이논"
    ]
  },
  {
    "chs": "风堇",
    "alts": [
      "히아킨",
      "ヒアンシー",
      "Hyacine",
      "风堇"
    ]
  },
  {
    "chs": "海瑟音",
    "alts": [
      "セイレンス",
      "海瑟音",
      "Hysilens",
      "히실렌스"
    ]
  },
  {
    "chs": "刻律德菈",
    "alts": [
      "Cerydra",
      "케리드라",
      "ケリュドラ",
      "刻律德菈"
    ]
  },
  {
    "chs": "长夜月",
    "alts": [
      "長夜月",
      "Evernight",
      "长夜月",
      "에버나이트"
    ]
  },
  {
    "chs": "丹恒•腾荒",
    "alts": [
      "단항•등황",
      "Dan Heng • Permansor Terrae",
      "丹恒・騰荒",
      "丹恒•腾荒"
    ]
  },
  {
    "chs": "昔涟",
    "alts": [
      "キュレネ",
      "Cyrene",
      "키레네",
      "昔涟"
    ]
  },
  {
    "chs": "{NICKNAME}",
    "alts": [
      "{NICKNAME}"
    ]
  },
  {
    "chs": "可琳",
    "alts": [
      "可琳",
      "코린",
      "Corin",
      "カリン"
    ]
  },
  {
    "chs": "青衣",
    "alts": [
      "청의",
      "青衣",
      "Qingyi"
    ]
  },
  {
    "chs": "简",
    "alts": [
      "ジェーン",
      "제인",
      "Jane",
      "简"
    ]
  },
  {
    "chs": "苍角",
    "alts": [
      "蒼角",
      "Soukaku",
      "소우카쿠",
      "苍角"
    ]
  },
  {
    "chs": "般岳",
    "alts": [
      "盤岳",
      "Banyue",
      "般岳",
      "반악"
    ]
  },
  {
    "chs": "悠真",
    "alts": [
      "悠真",
      "Harumasa",
      "하루마사",
      "浅羽悠真"
    ]
  },
  {
    "chs": "潘引壶",
    "alts": [
      "반인호",
      "潘引壶",
      "Pan Yinhu",
      "潘引壺"
    ]
  },
  {
    "chs": "薇薇安",
    "alts": [
      "薇薇安",
      "ビビアン",
      "비비안",
      "Vivian"
    ]
  },
  {
    "chs": "比利",
    "alts": [
      "빌리",
      "ビリー",
      "比利",
      "Billy"
    ]
  },
  {
    "chs": "格莉丝",
    "alts": [
      "格莉丝",
      "그레이스",
      "グレース",
      "Grace"
    ]
  },
  {
    "chs": "仪玄",
    "alts": [
      "의현",
      "儀玄",
      "仪玄",
      "Yixuan"
    ]
  },
  {
    "chs": "伊芙琳",
    "alts": [
      "Evelyn",
      "이블린",
      "イヴリン",
      "伊芙琳"
    ]
  },
  {
    "chs": "爱丽丝",
    "alts": [
      "앨리스",
      "アリス",
      "爱丽丝",
      "Alice"
    ]
  },
  {
    "chs": "安比",
    "alts": [
      "Anby",
      "엔비",
      "安比",
      "アンビー"
    ]
  },
  {
    "chs": "凯撒",
    "alts": [
      "凯撒",
      "Caesar",
      "シーザー",
      "카이사르"
    ]
  },
  {
    "chs": "橘福福",
    "alts": [
      "Ju Fufu",
      "橘福福",
      "귤복복"
    ]
  },
  {
    "chs": "妮可",
    "alts": [
      "妮可",
      "ニコ",
      "니콜",
      "Nicole"
    ]
  },
  {
    "chs": "派派",
    "alts": [
      "パイパー",
      "派派",
      "Piper",
      "파이퍼"
    ]
  },
  {
    "chs": "猫又",
    "alts": [
      "Nekomata",
      "네코마타",
      "猫又"
    ]
  },
  {
    "chs": "朱鸢",
    "alts": [
      "朱鳶",
      "주연",
      "Zhu Yuan",
      "朱鸢"
    ]
  },
  {
    "chs": "莱卡恩",
    "alts": [
      "ライカン",
      "리카온",
      "Lycaon",
      "莱卡恩"
    ]
  },
  {
    "chs": "莱特",
    "alts": [
      "莱特",
      "라이터",
      "ライト",
      "Lighter"
    ]
  },
  {
    "chs": "「席德」",
    "alts": [
      "「시드」",
      "Seed",
      "「席德」",
      "「シード」"
    ]
  },
  {
    "chs": "安东",
    "alts": [
      "アンドー",
      "Anton",
      "앤톤",
      "安东"
    ]
  },
  {
    "chs": "「11号」",
    "alts": [
      "「11호」",
      "Soldier 11",
      "「11号」"
    ]
  },
  {
    "chs": "卢西娅",
    "alts": [
      "루시아",
      "卢西娅",
      "Lucia",
      "リュシア"
    ]
  },
  {
    "chs": "雅",
    "alts": [
      "Miyabi",
      "雅",
      "星見雅",
      "미야비"
    ]
  },
  {
    "chs": "「扳机」",
    "alts": [
      "「扳机」",
      "Trigger",
      "「トリガー」",
      "「트리거」"
    ]
  },
  {
    "chs": "叶瞬光",
    "alts": [
      "叶瞬光",
      "엽빛나",
      "葉瞬光",
      "Ye Shunguang"
    ]
  },
  {
    "chs": "本",
    "alts": [
      "벤",
      "ベン",
      "Ben",
      "本"
    ]
  },
  {
    "chs": "丽娜",
    "alts": [
      "리나",
      "リナ",
      "Rina",
      "丽娜"
    ]
  },
  {
    "chs": "伊德海莉",
    "alts": [
      "イドリー",
      "伊德海莉",
      "이드하리",
      "Yidhari"
    ]
  },
  {
    "chs": "柚叶",
    "alts": [
      "浮波柚葉",
      "유즈하",
      "柚叶",
      "Yuzuha"
    ]
  },
  {
    "chs": "照",
    "alts": [
      "照",
      "자오",
      "Zhao"
    ]
  },
  {
    "chs": "琉音",
    "alts": [
      "琉音",
      "Dialyn",
      "다이아린",
      "ダイアリン"
    ]
  },
  {
    "chs": "雨果",
    "alts": [
      "ヒューゴ",
      "Hugo",
      "雨果",
      "휴고"
    ]
  },
  {
    "chs": "波可娜",
    "alts": [
      "Pulchra",
      "펄크라",
      "プルクラ",
      "波可娜"
    ]
  },
  {
    "chs": "耀嘉音",
    "alts": [
      "Astra Yao",
      "아스트라",
      "アストラ",
      "耀嘉音"
    ]
  },
  {
    "chs": "奥菲丝&「鬼火」",
    "alts": [
      "Orphie & Magus",
      "オルペウス＆「鬼火」",
      "오피 & 「도깨비불」",
      "奥菲丝&「鬼火」"
    ]
  },
  {
    "chs": "真斗",
    "alts": [
      "狛野真斗",
      "Manato",
      "真斗",
      "마나토"
    ]
  },
  {
    "chs": "露西",
    "alts": [
      "露西",
      "Lucy",
      "ルーシー",
      "루시"
    ]
  },
  {
    "chs": "珂蕾妲",
    "alts": [
      "珂蕾妲",
      "Koleda",
      "クレタ",
      "콜레다"
    ]
  },
  {
    "chs": "柳",
    "alts": [
      "Yanagi",
      "月城柳",
      "야나기",
      "柳"
    ]
  },
  {
    "chs": "赛斯",
    "alts": [
      "Seth",
      "세스",
      "赛斯",
      "セス"
    ]
  },
  {
    "chs": "柏妮思",
    "alts": [
      "버니스",
      "柏妮思",
      "バーニス",
      "Burnice"
    ]
  },
  {
    "chs": "零号·安比",
    "alts": [
      "0호·엔비",
      "零号·安比",
      "Soldier 0 - Anby",
      "0号・アンビー"
    ]
  },
  {
    "chs": "艾莲",
    "alts": [
      "엘렌",
      "Ellen",
      "エレン",
      "艾莲"
    ]
  },
  {
    "chs": "仿制星徽引擎",
    "alts": [
      "별빛 엔진 레플리카",
      "Starlight Engine Replica",
      "仿制星徽引擎",
      "なんちゃってスターライトエンジン"
    ]
  },
  {
    "chs": "硫磺石",
    "alts": [
      "유황석",
      "The Brimstone",
      "ブリムストーン",
      "硫磺石"
    ]
  },
  {
    "chs": "云霓孤光",
    "alts": [
      "Cloudcleave Radiance",
      "孤光彩雲",
      "구름을 헤친 빛",
      "云霓孤光"
    ]
  },
  {
    "chs": "「湍流」-斧型",
    "alts": [
      "[Vortex] Hatchet",
      "「급류」-도끼",
      "「激流」-斧型",
      "「湍流」-斧型"
    ]
  },
  {
    "chs": "奔袭獠牙",
    "alts": [
      "Tusks of Fury",
      "저돌적인 송곳니",
      "奔袭獠牙",
      "猛進するキバ"
    ]
  },
  {
    "chs": "聚宝箱",
    "alts": [
      "聚宝箱",
      "The Vault",
      "보물함",
      "ザ・ボールト"
    ]
  },
  {
    "chs": "青溟笼舍",
    "alts": [
      "청명의 보금자리",
      "青溟笼舍",
      "青溟の鳥籠",
      "Qingming Birdcage"
    ]
  },
  {
    "chs": "时光切片",
    "alts": [
      "时光切片",
      "歳月の薄片",
      "Slice of Time",
      "시간의 파편"
    ]
  },
  {
    "chs": "含羞恶面",
    "alts": [
      "수줍은 악마",
      "含羞恶面",
      "Bashful Demon",
      "恥じらう悪面"
    ]
  },
  {
    "chs": "震元奇枢",
    "alts": [
      "Tremor Trigram Vessel",
      "震元奇枢",
      "雷鳴が如き八卦",
      "진괘를 담은 함"
    ]
  },
  {
    "chs": "「月相」-朔",
    "alts": [
      "「루나」-초승달",
      "[Lunar] Noviluna",
      "「月相」-朔"
    ]
  },
  {
    "chs": "「月相」-晦",
    "alts": [
      "「루나」-그믐달",
      "「月相」-晦",
      "[Lunar] Decrescent"
    ]
  },
  {
    "chs": "裁纸刀",
    "alts": [
      "ペーパーカッター",
      "裁纸刀",
      "Box Cutter",
      "커터칼"
    ]
  },
  {
    "chs": "飞鸟星梦",
    "alts": [
      "Flight of Fancy",
      "飞鸟星梦",
      "별빛 꿈을 누비는 새",
      "鳥は夢へと羽ばたいて"
    ]
  },
  {
    "chs": "电波漫步",
    "alts": [
      "일렉트로 워크",
      "エレクトロウォーク",
      "Radiowave Journey",
      "电波漫步"
    ]
  },
  {
    "chs": "双生泣星",
    "alts": [
      "双生の涙",
      "Weeping Gemini",
      "쌍둥이의 눈물",
      "双生泣星"
    ]
  },
  {
    "chs": "加农转子",
    "alts": [
      "加农转子",
      "Cannon Rotor",
      "キャノンローラー",
      "캐논 로터"
    ]
  },
  {
    "chs": "雨林饕客",
    "alts": [
      "Rainforest Gourmet",
      "雨林饕客",
      "우림의 식객",
      "密林の食いしん坊"
    ]
  },
  {
    "chs": "幻变魔方",
    "alts": [
      "幻变魔方",
      "魔法の立体パズル",
      "Puzzle Sphere",
      "기변의 큐브"
    ]
  },
  {
    "chs": "嚣枪喧焰",
    "alts": [
      "憤怒の銃騒",
      "소란한 총성과 화염",
      "嚣枪喧焰",
      "Bellicose Blaze"
    ]
  },
  {
    "chs": "海妖摇篮",
    "alts": [
      "セイレーンクレードル",
      "海妖摇篮",
      "Kraken's Cradle",
      "크라켄의 요람"
    ]
  },
  {
    "chs": "兔能环",
    "alts": [
      "버니 밴드",
      "兔能环",
      "Bunny Band",
      "ラビットチャージャー"
    ]
  },
  {
    "chs": "焰心桂冠",
    "alts": [
      "炎心の桂冠",
      "화염의 월계관",
      "Blazing Laurel",
      "焰心桂冠"
    ]
  },
  {
    "chs": "春日融融",
    "alts": [
      "봄날의 포옹",
      "Spring Embrace",
      "春日融融",
      "ホットスプリング"
    ]
  },
  {
    "chs": "钢铁肉垫",
    "alts": [
      "钢铁肉垫",
      "Steel Cushion",
      "鋼の肉球",
      "스틸 쿠션"
    ]
  },
  {
    "chs": "强音热望",
    "alts": [
      "强音热望",
      "열망의 악센트",
      "Marcato Desire",
      "強音デザイア"
    ]
  },
  {
    "chs": "时流贤者",
    "alts": [
      "刻流の賢者",
      "Timeweaver",
      "시류의 현자",
      "时流贤者"
    ]
  },
  {
    "chs": "残心青囊",
    "alts": [
      "잔심의 청낭",
      "残心青囊",
      "Zanshin Herb Case",
      "残心の青籠"
    ]
  },
  {
    "chs": "「灰烬」-钴蓝",
    "alts": [
      "「灰燼」-蒼藍",
      "[Cinder] Cobalt",
      "「灰烬」-钴蓝",
      "「잿더미」-코발트블루"
    ]
  },
  {
    "chs": "拘缚者",
    "alts": [
      "The Restrained",
      "拘缚者",
      "구속된 자",
      "拘縛されし者"
    ]
  },
  {
    "chs": "嵌合编译器",
    "alts": [
      "嵌合编译器",
      "감입 컴파일러",
      "複合コンパイラ",
      "Fusion Compiler"
    ]
  },
  {
    "chs": "「电磁暴」-贰式",
    "alts": [
      "[Magnetic Storm] Bravo",
      "「자기 폭풍」-브라보",
      "「磁気嵐」-弐式",
      "「电磁暴」-贰式"
    ]
  },
  {
    "chs": "千面日陨",
    "alts": [
      "천변하는 태양의 몰락",
      "千面の落日",
      "Myriad Eclipse",
      "千面日陨"
    ]
  },
  {
    "chs": "半糖雪兔",
    "alts": [
      "甘さ控えめ雪うさぎ",
      "半糖雪兔",
      "당도 50% 눈토끼",
      "Half-Sugar Bunny"
    ]
  },
  {
    "chs": "铸梦炉歌",
    "alts": [
      "炉で歌い上げられる夢",
      "꿈을 빚는 용광로의 노래",
      "Dreamlit Hearth",
      "铸梦炉歌"
    ]
  },
  {
    "chs": "牺牲洁纯",
    "alts": [
      "牺牲洁纯",
      "순결한 희생",
      "純然たる犠牲",
      "Severed Innocence"
    ]
  },
  {
    "chs": "机巧心种",
    "alts": [
      "机巧心种",
      "기계 심장에 내린 씨앗",
      "Cordis Germina",
      "駆動する種"
    ]
  },
  {
    "chs": "索魂影眸",
    "alts": [
      "Spectral Gaze",
      "索魂影眸",
      "탐혼의 눈동자",
      "奪魂の瞑目"
    ]
  },
  {
    "chs": "正版变身器",
    "alts": [
      "오리지널 변신 아이템",
      "正版变身器",
      "Original Transmorpher",
      "正規版変身装置"
    ]
  },
  {
    "chs": "「残响」-Ⅱ型",
    "alts": [
      "「残響」-Ⅱ型",
      "「잔향」-Ⅱ형",
      "「残响」-Ⅱ型",
      "[Reverb] Mark II"
    ]
  },
  {
    "chs": "比格气缸",
    "alts": [
      "比格气缸",
      "ビガー・シリンダー",
      "Big Cylinder",
      "빅 실린더"
    ]
  },
  {
    "chs": "怒目金刚",
    "alts": [
      "Wrathful Vajra",
      "성난 눈의 금강",
      "金剛不壊怒髪衝冠",
      "怒目金刚"
    ]
  },
  {
    "chs": "「湍流」-铳型",
    "alts": [
      "[Vortex] Revolver",
      "「湍流」-铳型",
      "「급류」-총",
      "「激流」-銃型"
    ]
  },
  {
    "chs": "深海访客",
    "alts": [
      "심해 방문객",
      "深海访客",
      "Deep Sea Visitor",
      "ディープシー・ビジター"
    ]
  },
  {
    "chs": "福虓炉炉",
    "alts": [
      "福虓炉炉",
      "Roaring Fur-nace",
      "복을 뿜는 맹호",
      "招福の虎炉"
    ]
  },
  {
    "chs": "心弦夜响",
    "alts": [
      "心弦夜响",
      "Heartstring Nocturne",
      "심금을 울리는 야상곡",
      "心弦のノクターン"
    ]
  },
  {
    "chs": "灼心摇壶",
    "alts": [
      "Flamemaker Shaker",
      "バーニング・シェイカー",
      "灼心摇壶",
      "타오르는 셰이커"
    ]
  },
  {
    "chs": "防暴者Ⅵ型",
    "alts": [
      "서프레서 Ⅵ형",
      "Riot Suppressor Mark VI",
      "サプレッサーⅥ型",
      "防暴者Ⅵ型"
    ]
  },
  {
    "chs": "狸法七变化",
    "alts": [
      "狸の七変化",
      "Metanukimorphosis",
      "狸法七变化",
      "너구리의 7단 변신"
    ]
  },
  {
    "chs": "德玛拉电池Ⅱ型",
    "alts": [
      "德玛拉电池Ⅱ型",
      "데마라 배터리 Ⅱ형",
      "デマラ式電池Ⅱ型",
      "Demara Battery Mark II"
    ]
  },
  {
    "chs": "燃狱齿轮",
    "alts": [
      "燃狱齿轮",
      "헬파이어 기어",
      "Hellfire Gears",
      "燃獄ギア"
    ]
  },
  {
    "chs": "「恒等式」-本格",
    "alts": [
      "[Identity] Base",
      "「恒等式」-本格",
      "「아이덴티티」-베이스"
    ]
  },
  {
    "chs": "「残响」-Ⅲ型",
    "alts": [
      "「잔향」-Ⅲ형",
      "[Reverb] Mark III",
      "「残响」-Ⅲ型",
      "「残響」-Ⅲ型"
    ]
  },
  {
    "chs": "霰落星殿",
    "alts": [
      "あられ落つ星殿",
      "霰落星殿",
      "싸락눈 내린 별각",
      "Hailstorm Shrine"
    ]
  },
  {
    "chs": "星徽引擎",
    "alts": [
      "Starlight Engine",
      "スターライトエンジン",
      "星徽引擎",
      "별빛 엔진"
    ]
  },
  {
    "chs": "光影刻刀",
    "alts": [
      "Reel Projector",
      "光と影のカット",
      "조명을 새기는 칼",
      "光影刻刀"
    ]
  },
  {
    "chs": "「恒等式」-变格",
    "alts": [
      "「恒等式」-变格",
      "[Identity] Inflection",
      "「恒等式」-変格",
      "「아이덴티티」-인플렉션"
    ]
  },
  {
    "chs": "人为刀俎",
    "alts": [
      "まな板の鯉",
      "人为刀俎",
      "스팀오븐",
      "Steam Oven"
    ]
  },
  {
    "chs": "玲珑妆匣",
    "alts": [
      "Elegant Vanity",
      "우아한 베니티백",
      "玲珑妆匣",
      "優美のヴァニティ"
    ]
  },
  {
    "chs": "维序者-特化型",
    "alts": [
      "평화 수호자-특화형",
      "维序者-特化型",
      "Peacekeeper - Specialized",
      "秩序の守り手・特化型"
    ]
  },
  {
    "chs": "旋钻机-赤轴",
    "alts": [
      "ドリルリグ-レッドシャフト",
      "굴착기-붉은 축",
      "Drill Rig - Red Axis",
      "旋钻机-赤轴"
    ]
  },
  {
    "chs": "青漪灵鼎",
    "alts": [
      "푸른 물결의 솥",
      "Cauldron of Clarity",
      "蒼き波の霊器",
      "青漪灵鼎"
    ]
  },
  {
    "chs": "啜泣摇篮",
    "alts": [
      "흐느끼는 요람",
      "啜り泣くゆりかご",
      "Weeping Cradle",
      "啜泣摇篮"
    ]
  },
  {
    "chs": "「电磁暴」-壹式",
    "alts": [
      "[Magnetic Storm] Alpha",
      "「磁気嵐」-壱式",
      "「电磁暴」-壹式",
      "「자기 폭풍」-알파"
    ]
  },
  {
    "chs": "好斗的阿炮",
    "alts": [
      "喧嘩腰のボンバルダム",
      "Kaboom the Cannon",
      "호전적인 꽝꽝이",
      "好斗的阿炮"
    ]
  },
  {
    "chs": "触电唇彩",
    "alts": [
      "감전 립글로스",
      "Electro-Lip Gloss",
      "電撃リップグロス",
      "触电唇彩"
    ]
  },
  {
    "chs": "十方锻星",
    "alts": [
      "Practiced Perfection",
      "완벽하게 단조된 별",
      "十面百錬の星",
      "十方锻星"
    ]
  },
  {
    "chs": "鎏金花信",
    "alts": [
      "Gilded Blossom",
      "鎏金花信",
      "도금된 화신풍",
      "金メッキの花信"
    ]
  },
  {
    "chs": "昨夜来电",
    "alts": [
      "昨夜からの着信",
      "昨夜来电",
      "지난밤의 전화",
      "Yesterday Calls"
    ]
  },
  {
    "chs": "「残响」-Ⅰ型",
    "alts": [
      "「残响」-Ⅰ型",
      "「잔향」-Ⅰ형",
      "「残響」-Ⅰ型",
      "[Reverb] Mark I"
    ]
  },
  {
    "chs": "淬锋钳刺",
    "alts": [
      "예리한 집게칼",
      "Sharpened Stinger",
      "磨き抜かれた切っ先",
      "淬锋钳刺"
    ]
  },
  {
    "chs": "「湍流」-矢型",
    "alts": [
      "「湍流」-矢型",
      "「급류」-화살",
      "「激流」-矢型",
      "[Vortex] Arrow"
    ]
  },
  {
    "chs": "「月相」-望",
    "alts": [
      "「月相」-望",
      "[Lunar] Pleniluna",
      "「루나」-보름달"
    ]
  },
  {
    "chs": "家政员",
    "alts": [
      "家政员",
      "ハウスキーパー",
      "Housekeeper",
      "하우스키퍼"
    ]
  },
  {
    "chs": "逍遥游球",
    "alts": [
      "내 맘대로 게임 볼",
      "Unfettered Game Ball",
      "ゲームボール",
      "逍遥游球"
    ]
  },
  {
    "chs": "玉壶青冰",
    "alts": [
      "玉壺青氷",
      "맑은 옥주전자",
      "Ice-Jade Teapot",
      "玉壶青冰"
    ]
  },
  {
    "chs": "街头巨星",
    "alts": [
      "거리의 슈퍼스타",
      "Street Superstar",
      "街头巨星",
      "ストリートスター"
    ]
  },
  {
    "chs": "贵重骨核",
    "alts": [
      "貴重な石化コア",
      "贵重骨核",
      "Precious Fossilized Core",
      "귀중한 화석 코어"
    ]
  },
  {
    "chs": "「电磁暴」-叁式",
    "alts": [
      "「电磁暴」-叁式",
      "「磁気嵐」-参式",
      "「자기 폭풍」-찰리",
      "[Magnetic Storm] Charlie"
    ]
  },
  {
    "chs": "左轮转子",
    "alts": [
      "리볼버 로터",
      "シックスシューター",
      "Six Shooter",
      "左轮转子"
    ]
  },
  {
    "chs": "燔火胧夜",
    "alts": [
      "Grill O'Wisp",
      "燔火の朧夜",
      "燔火胧夜",
      "어스름한 밤의 화염"
    ]
  },
  {
    "chs": "轰鸣座驾",
    "alts": [
      "Roaring Ride",
      "轰鸣座驾",
      "뛰뛰빵빵",
      "グロウル・マイ・カー"
    ]
  }
]